ts_utc,bar,clock,open,high,low,close,volume
2026-09-28 18:00:00-04:00,0,18:00,51845.0,51848.0,51815.0,51823.0,0.0
2026-09-28 18:05:00-04:00,1,18:05,51821.0,51852.0,51819.0,51849.0,41.0
2026-09-28 18:10:00-04:00,2,18:10,51851.0,51864.0,51840.0,51856.0,42.0
2026-09-28 18:15:00-04:00,3,18:15,51854.0,51867.0,51844.0,51854.0,83.0
2026-09-28 18:20:00-04:00,4,18:20,51855.0,51859.0,51849.0,51851.0,13.0
2026-09-28 18:25:00-04:00,5,18:25,51848.0,51858.0,51848.0,51857.0,15.0
2026-09-28 18:30:00-04:00,6,18:30,51858.0,51861.0,51846.0,51846.0,7.0
2026-09-28 18:35:00-04:00,7,18:35,51848.0,51856.0,51848.0,51848.0,5.0
2026-09-28 18:40:00-04:00,8,18:40,51848.0,51848.0,51846.0,51846.0,4.0
2026-09-28 18:45:00-04:00,9,18:45,51847.0,51856.0,51847.0,51853.0,20.0
2026-09-28 18:50:00-04:00,10,18:50,51852.0,51867.0,51852.0,51853.0,47.0
2026-09-28 18:55:00-04:00,11,18:55,51852.0,51863.0,51852.0,51863.0,2.0
2026-09-28 19:00:00-04:00,12,19:00,51860.0,51864.0,51854.0,51858.0,71.0
2026-09-28 19:05:00-04:00,13,19:05,51859.0,51866.0,51859.0,51866.0,16.0
2026-09-28 19:10:00-04:00,14,19:10,51860.0,51862.0,51851.0,51851.0,8.0
2026-09-28 19:15:00-04:00,15,19:15,51857.0,51860.0,51855.0,51855.0,16.0
2026-09-28 19:20:00-04:00,16,19:20,51856.0,51860.0,51854.0,51857.0,15.0
2026-09-28 19:25:00-04:00,17,19:25,51857.0,51859.0,51853.0,51853.0,12.0
2026-09-28 19:30:00-04:00,18,19:30,51856.0,51856.0,51847.0,51847.0,32.0
2026-09-28 19:35:00-04:00,19,19:35,51850.0,51852.0,51843.0,51852.0,19.0
2026-09-28 19:40:00-04:00,20,19:40,51853.0,51854.0,51848.0,51849.0,7.0
2026-09-28 19:45:00-04:00,21,19:45,51852.0,51853.0,51824.0,51828.0,72.0
2026-09-28 19:50:00-04:00,22,19:50,51826.0,51846.0,51826.0,51845.0,46.0
2026-09-28 19:55:00-04:00,23,19:55,51847.0,51849.0,51833.0,51833.0,21.0
2026-09-28 20:00:00-04:00,24,20:00,51835.0,51847.0,51819.0,51835.0,103.0
2026-09-28 20:05:00-04:00,25,20:05,51836.0,51846.0,51830.0,51838.0,46.0
2026-09-28 20:10:00-04:00,26,20:10,51832.0,51832.0,51814.0,51825.0,95.0
2026-09-28 20:15:00-04:00,27,20:15,51823.0,51824.0,51781.0,51791.0,226.0
2026-09-28 20:20:00-04:00,28,20:20,51787.0,51794.0,51784.0,51789.0,101.0
2026-09-28 20:25:00-04:00,29,20:25,51793.0,51813.0,51793.0,51801.0,53.0
2026-09-28 20:30:00-04:00,30,20:30,51801.0,51806.0,51785.0,51797.0,94.0
2026-09-28 20:35:00-04:00,31,20:35,51798.0,51805.0,51792.0,51794.0,72.0
2026-09-28 20:40:00-04:00,32,20:40,51789.0,51800.0,51789.0,51800.0,25.0
2026-09-28 20:45:00-04:00,33,20:45,51795.0,51795.0,51773.0,51773.0,97.0
2026-09-28 20:50:00-04:00,34,20:50,51774.0,51778.0,51770.0,51778.0,57.0
2026-09-28 20:55:00-04:00,35,20:55,51783.0,51790.0,51775.0,51776.0,46.0
2026-09-28 21:00:00-04:00,36,21:00,51775.0,51796.0,51775.0,51790.0,64.0
2026-09-28 21:05:00-04:00,37,21:05,51786.0,51788.0,51769.0,51786.0,64.0
2026-09-28 21:10:00-04:00,38,21:10,51785.0,51796.0,51778.0,51789.0,55.0
2026-09-28 21:15:00-04:00,39,21:15,51791.0,51798.0,51774.0,51777.0,98.0
2026-09-28 21:20:00-04:00,40,21:20,51778.0,51800.0,51778.0,51790.0,75.0
2026-09-28 21:25:00-04:00,41,21:25,51789.0,51792.0,51775.0,51782.0,48.0
2026-09-28 21:30:00-04:00,42,21:30,51782.0,51807.0,51779.0,51784.0,52.0
2026-09-28 21:35:00-04:00,43,21:35,51786.0,51786.0,51768.0,51770.0,91.0
2026-09-28 21:40:00-04:00,44,21:40,51764.0,51771.0,51759.0,51762.0,75.0
2026-09-28 21:45:00-04:00,45,21:45,51762.0,51768.0,51758.0,51766.0,34.0
2026-09-28 21:50:00-04:00,46,21:50,51766.0,51776.0,51762.0,51773.0,26.0
2026-09-28 21:55:00-04:00,47,21:55,51775.0,51783.0,51773.0,51782.0,27.0
2026-09-28 22:00:00-04:00,48,22:00,51784.0,51786.0,51777.0,51782.0,49.0
2026-09-28 22:05:00-04:00,49,22:05,51780.0,51782.0,51775.0,51778.0,40.0
2026-09-28 22:10:00-04:00,50,22:10,51777.0,51800.0,51777.0,51789.0,63.0
2026-09-28 22:15:00-04:00,51,22:15,51786.0,51801.0,51780.0,51795.0,72.0
2026-09-28 22:20:00-04:00,52,22:20,51791.0,51794.0,51774.0,51778.0,61.0
2026-09-28 22:25:00-04:00,53,22:25,51778.0,51784.0,51768.0,51784.0,17.0
2026-09-28 22:30:00-04:00,54,22:30,51787.0,51787.0,51765.0,51775.0,30.0
2026-09-28 22:35:00-04:00,55,22:35,51771.0,51781.0,51769.0,51781.0,30.0
2026-09-28 22:40:00-04:00,56,22:40,51778.0,51778.0,51764.0,51767.0,39.0
2026-09-28 22:45:00-04:00,57,22:45,51766.0,51776.0,51762.0,51762.0,28.0
2026-09-28 22:50:00-04:00,58,22:50,51763.0,51763.0,51726.0,51727.0,185.0
2026-09-28 22:55:00-04:00,59,22:55,51729.0,51744.0,51725.0,51743.0,38.0
2026-09-28 23:00:00-04:00,60,23:00,51745.0,51759.0,51730.0,51731.0,66.0
2026-09-28 23:05:00-04:00,61,23:05,51733.0,51740.0,51729.0,51733.0,31.0
2026-09-28 23:10:00-04:00,62,23:10,51737.0,51744.0,51734.0,51740.0,73.0
2026-09-28 23:15:00-04:00,63,23:15,51739.0,51759.0,51736.0,51759.0,55.0
2026-09-28 23:20:00-04:00,64,23:20,51759.0,51775.0,51759.0,51772.0,67.0
2026-09-28 23:25:00-04:00,65,23:25,51772.0,51776.0,51767.0,51770.0,26.0
2026-09-28 23:30:00-04:00,66,23:30,51756.0,51762.0,51748.0,51760.0,49.0
2026-09-28 23:35:00-04:00,67,23:35,51763.0,51763.0,51753.0,51759.0,25.0
2026-09-28 23:40:00-04:00,68,23:40,51758.0,51771.0,51757.0,51761.0,29.0
2026-09-28 23:45:00-04:00,69,23:45,51762.0,51762.0,51756.0,51759.0,29.0
2026-09-28 23:50:00-04:00,70,23:50,51753.0,51753.0,51738.0,51739.0,57.0
2026-09-28 23:55:00-04:00,71,23:55,51737.0,51737.0,51701.0,51712.0,175.0
2026-09-29 00:00:00-04:00,72,00:00,51725.0,51728.0,51715.0,51722.0,37.0
2026-09-29 00:05:00-04:00,73,00:05,51723.0,51728.0,51720.0,51728.0,20.0
2026-09-29 00:10:00-04:00,74,00:10,51726.0,51729.0,51719.0,51723.0,18.0
2026-09-29 00:15:00-04:00,75,00:15,51726.0,51733.0,51723.0,51732.0,27.0
2026-09-29 00:20:00-04:00,76,00:20,51734.0,51736.0,51730.0,51735.0,21.0
2026-09-29 00:25:00-04:00,77,00:25,51739.0,51740.0,51730.0,51730.0,26.0
2026-09-29 00:30:00-04:00,78,00:30,51725.0,51729.0,51717.0,51729.0,57.0
2026-09-29 00:35:00-04:00,79,00:35,51728.0,51732.0,51724.0,51724.0,20.0
2026-09-29 00:40:00-04:00,80,00:40,51722.0,51726.0,51719.0,51721.0,22.0
2026-09-29 00:45:00-04:00,81,00:45,51723.0,51723.0,51712.0,51720.0,24.0
2026-09-29 00:50:00-04:00,82,00:50,51716.0,51725.0,51716.0,51718.0,112.0
2026-09-29 00:55:00-04:00,83,00:55,51717.0,51717.0,51708.0,51708.0,26.0
2026-09-29 01:00:00-04:00,84,01:00,51709.0,51725.0,51708.0,51718.0,46.0
2026-09-29 01:05:00-04:00,85,01:05,51715.0,51722.0,51711.0,51721.0,18.0
2026-09-29 01:10:00-04:00,86,01:10,51715.0,51719.0,51704.0,51713.0,39.0
2026-09-29 01:15:00-04:00,87,01:15,51714.0,51728.0,51712.0,51725.0,42.0
2026-09-29 01:20:00-04:00,88,01:20,51722.0,51724.0,51719.0,51719.0,39.0
2026-09-29 01:25:00-04:00,89,01:25,51719.0,51719.0,51696.0,51699.0,138.0
2026-09-29 01:30:00-04:00,90,01:30,51700.0,51700.0,51653.0,51659.0,294.0
2026-09-29 01:35:00-04:00,91,01:35,51660.0,51699.0,51644.0,51699.0,127.0
2026-09-29 01:40:00-04:00,92,01:40,51695.0,51718.0,51690.0,51701.0,64.0
2026-09-29 01:45:00-04:00,93,01:45,51703.0,51740.0,51695.0,51740.0,191.0
2026-09-29 01:50:00-04:00,94,01:50,51736.0,51748.0,51732.0,51738.0,70.0
2026-09-29 01:55:00-04:00,95,01:55,51738.0,51752.0,51738.0,51752.0,52.0
2026-09-29 02:00:00-04:00,96,02:00,51751.0,51771.0,51749.0,51768.0,152.0
2026-09-29 02:05:00-04:00,97,02:05,51767.0,51791.0,51767.0,51791.0,171.0
2026-09-29 02:10:00-04:00,98,02:10,51790.0,51823.0,51790.0,51808.0,244.0
2026-09-29 02:15:00-04:00,99,02:15,51809.0,51821.0,51794.0,51800.0,186.0
2026-09-29 02:20:00-04:00,100,02:20,51797.0,51803.0,51788.0,51789.0,99.0
2026-09-29 02:25:00-04:00,101,02:25,51796.0,51820.0,51786.0,51814.0,120.0
2026-09-29 02:30:00-04:00,102,02:30,51816.0,51834.0,51816.0,51830.0,138.0
2026-09-29 02:35:00-04:00,103,02:35,51826.0,51827.0,51813.0,51815.0,141.0
2026-09-29 02:40:00-04:00,104,02:40,51819.0,51828.0,51815.0,51821.0,47.0
2026-09-29 02:45:00-04:00,105,02:45,51821.0,51822.0,51814.0,51820.0,45.0
2026-09-29 02:50:00-04:00,106,02:50,51820.0,51820.0,51814.0,51816.0,24.0
2026-09-29 02:55:00-04:00,107,02:55,51812.0,51814.0,51791.0,51799.0,214.0
2026-09-29 03:00:00-04:00,108,03:00,51799.0,51802.0,51749.0,51780.0,236.0
2026-09-29 03:05:00-04:00,109,03:05,51783.0,51783.0,51762.0,51783.0,151.0
2026-09-29 03:10:00-04:00,110,03:10,51787.0,51787.0,51758.0,51767.0,62.0
2026-09-29 03:15:00-04:00,111,03:15,51766.0,51780.0,51766.0,51776.0,63.0
2026-09-29 03:20:00-04:00,112,03:20,51785.0,51800.0,51781.0,51794.0,56.0
2026-09-29 03:25:00-04:00,113,03:25,51795.0,51812.0,51791.0,51801.0,125.0
2026-09-29 03:30:00-04:00,114,03:30,51800.0,51835.0,51800.0,51827.0,111.0
2026-09-29 03:35:00-04:00,115,03:35,51825.0,51873.0,51824.0,51848.0,344.0
2026-09-29 03:40:00-04:00,116,03:40,51841.0,51841.0,51819.0,51819.0,132.0
2026-09-29 03:45:00-04:00,117,03:45,51825.0,51826.0,51801.0,51801.0,184.0
2026-09-29 03:50:00-04:00,118,03:50,51801.0,51801.0,51787.0,51787.0,47.0
2026-09-29 03:55:00-04:00,119,03:55,51784.0,51785.0,51774.0,51774.0,48.0
2026-09-29 04:00:00-04:00,120,04:00,51780.0,51803.0,51774.0,51786.0,227.0
2026-09-29 04:05:00-04:00,121,04:05,51784.0,51788.0,51758.0,51761.0,193.0
2026-09-29 04:10:00-04:00,122,04:10,51761.0,51762.0,51743.0,51746.0,124.0
2026-09-29 04:15:00-04:00,123,04:15,51744.0,51766.0,51744.0,51762.0,108.0
2026-09-29 04:20:00-04:00,124,04:20,51768.0,51791.0,51747.0,51750.0,146.0
2026-09-29 04:25:00-04:00,125,04:25,51747.0,51754.0,51728.0,51743.0,165.0
2026-09-29 04:30:00-04:00,126,04:30,51747.0,51766.0,51742.0,51746.0,62.0
2026-09-29 04:35:00-04:00,127,04:35,51746.0,51776.0,51743.0,51774.0,43.0
2026-09-29 04:40:00-04:00,128,04:40,51772.0,51778.0,51758.0,51778.0,37.0
2026-09-29 04:45:00-04:00,129,04:45,51779.0,51786.0,51770.0,51783.0,82.0
2026-09-29 04:50:00-04:00,130,04:50,51783.0,51785.0,51753.0,51756.0,83.0
2026-09-29 04:55:00-04:00,131,04:55,51756.0,51790.0,51756.0,51787.0,70.0
2026-09-29 05:00:00-04:00,132,05:00,51781.0,51816.0,51779.0,51793.0,190.0
2026-09-29 05:05:00-04:00,133,05:05,51794.0,51804.0,51786.0,51798.0,87.0
2026-09-29 05:10:00-04:00,134,05:10,51801.0,51801.0,51788.0,51790.0,85.0
2026-09-29 05:15:00-04:00,135,05:15,51785.0,51791.0,51769.0,51791.0,82.0
2026-09-29 05:20:00-04:00,136,05:20,51788.0,51788.0,51756.0,51770.0,36.0
2026-09-29 05:25:00-04:00,137,05:25,51766.0,51766.0,51758.0,51758.0,24.0
2026-09-29 05:30:00-04:00,138,05:30,51757.0,51762.0,51748.0,51761.0,64.0
2026-09-29 05:35:00-04:00,139,05:35,51758.0,51767.0,51755.0,51762.0,30.0
2026-09-29 05:40:00-04:00,140,05:40,51761.0,51785.0,51751.0,51785.0,44.0
2026-09-29 05:45:00-04:00,141,05:45,51785.0,51804.0,51775.0,51785.0,173.0
2026-09-29 05:50:00-04:00,142,05:50,51785.0,51804.0,51758.0,51785.0,110.0
2026-09-29 05:55:00-04:00,143,05:55,51784.0,51789.0,51750.0,51762.0,116.0
2026-09-29 06:00:00-04:00,144,06:00,51762.0,51782.0,51760.0,51778.0,86.0
2026-09-29 06:05:00-04:00,145,06:05,51781.0,51809.0,51781.0,51807.0,87.0
2026-09-29 06:10:00-04:00,146,06:10,51812.0,51822.0,51805.0,51805.0,78.0
2026-09-29 06:15:00-04:00,147,06:15,51802.0,51803.0,51789.0,51800.0,39.0
2026-09-29 06:20:00-04:00,148,06:20,51793.0,51800.0,51785.0,51797.0,59.0
2026-09-29 06:25:00-04:00,149,06:25,51796.0,51819.0,51796.0,51819.0,74.0
2026-09-29 06:30:00-04:00,150,06:30,51822.0,51829.0,51783.0,51784.0,182.0
2026-09-29 06:35:00-04:00,151,06:35,51783.0,51798.0,51779.0,51790.0,127.0
2026-09-29 06:40:00-04:00,152,06:40,51796.0,51805.0,51789.0,51804.0,68.0
2026-09-29 06:45:00-04:00,153,06:45,51807.0,51827.0,51800.0,51822.0,112.0
2026-09-29 06:50:00-04:00,154,06:50,51824.0,51831.0,51809.0,51825.0,81.0
2026-09-29 06:55:00-04:00,155,06:55,51826.0,51871.0,51816.0,51871.0,199.0
2026-09-29 07:00:00-04:00,156,07:00,51870.0,51911.0,51864.0,51897.0,412.0
2026-09-29 07:05:00-04:00,157,07:05,51898.0,51919.0,51883.0,51884.0,257.0
2026-09-29 07:10:00-04:00,158,07:10,51885.0,51886.0,51864.0,51874.0,129.0
2026-09-29 07:15:00-04:00,159,07:15,51873.0,51903.0,51868.0,51896.0,191.0
2026-09-29 07:20:00-04:00,160,07:20,51894.0,51907.0,51882.0,51904.0,117.0
2026-09-29 07:25:00-04:00,161,07:25,51907.0,51920.0,51904.0,51914.0,122.0
2026-09-29 07:30:00-04:00,162,07:30,51915.0,51937.0,51906.0,51922.0,160.0
2026-09-29 07:35:00-04:00,163,07:35,51924.0,51933.0,51920.0,51924.0,62.0
2026-09-29 07:40:00-04:00,164,07:40,51928.0,51929.0,51898.0,51916.0,96.0
2026-09-29 07:45:00-04:00,165,07:45,51916.0,51991.0,51894.0,51977.0,595.0
2026-09-29 07:50:00-04:00,166,07:50,51976.0,51985.0,51940.0,51954.0,273.0
2026-09-29 07:55:00-04:00,167,07:55,51956.0,51966.0,51953.0,51959.0,154.0
2026-09-29 08:00:00-04:00,168,08:00,51959.0,52002.0,51958.0,51994.0,217.0
2026-09-29 08:05:00-04:00,169,08:05,51993.0,51996.0,51968.0,51971.0,183.0
2026-09-29 08:10:00-04:00,170,08:10,51972.0,51974.0,51949.0,51951.0,172.0
2026-09-29 08:15:00-04:00,171,08:15,51955.0,51979.0,51944.0,51946.0,120.0
2026-09-29 08:20:00-04:00,172,08:20,51946.0,51953.0,51920.0,51926.0,170.0
2026-09-29 08:25:00-04:00,173,08:25,51927.0,51930.0,51899.0,51925.0,309.0
2026-09-29 08:30:00-04:00,174,08:30,51928.0,51932.0,51904.0,51927.0,194.0
2026-09-29 08:35:00-04:00,175,08:35,51928.0,51936.0,51915.0,51915.0,163.0
2026-09-29 08:40:00-04:00,176,08:40,51915.0,51937.0,51912.0,51932.0,207.0
2026-09-29 08:45:00-04:00,177,08:45,51935.0,51935.0,51894.0,51905.0,184.0
2026-09-29 08:50:00-04:00,178,08:50,51908.0,51908.0,51868.0,51870.0,185.0
2026-09-29 08:55:00-04:00,179,08:55,51871.0,51871.0,51857.0,51862.0,150.0
2026-09-29 09:00:00-04:00,180,09:00,51865.0,51888.0,51856.0,51857.0,248.0
2026-09-29 09:05:00-04:00,181,09:05,51855.0,51879.0,51855.0,51878.0,148.0
2026-09-29 09:10:00-04:00,182,09:10,51876.0,51888.0,51870.0,51888.0,176.0
2026-09-29 09:15:00-04:00,183,09:15,51890.0,51890.0,51853.0,51857.0,185.0
2026-09-29 09:20:00-04:00,184,09:20,51856.0,51869.0,51839.0,51851.0,284.0
2026-09-29 09:25:00-04:00,185,09:25,51850.0,51873.0,51802.0,51802.0,946.0
2026-09-29 09:30:00-04:00,186,09:30,51804.0,51807.0,51680.0,51730.0,4310.0
2026-09-29 09:35:00-04:00,187,09:35,51728.0,51798.0,51715.0,51768.0,2413.0
2026-09-29 09:40:00-04:00,188,09:40,51767.0,51848.0,51754.0,51764.0,1554.0
2026-09-29 09:45:00-04:00,189,09:45,51766.0,51792.0,51718.0,51759.0,1510.0
2026-09-29 09:50:00-04:00,190,09:50,51749.0,51770.0,51711.0,51721.0,982.0
2026-09-29 09:55:00-04:00,191,09:55,51720.0,51752.0,51700.0,51708.0,840.0
2026-09-29 10:00:00-04:00,192,10:00,51709.0,51782.0,51694.0,51701.0,1161.0
2026-09-29 10:05:00-04:00,193,10:05,51698.0,51733.0,51676.0,51725.0,953.0
2026-09-29 10:10:00-04:00,194,10:10,51725.0,51744.0,51695.0,51734.0,510.0
2026-09-29 10:15:00-04:00,195,10:15,51735.0,51752.0,51715.0,51720.0,1011.0
2026-09-29 10:20:00-04:00,196,10:20,51725.0,51742.0,51666.0,51667.0,1542.0
2026-09-29 10:25:00-04:00,197,10:25,51666.0,51727.0,51660.0,51693.0,661.0
2026-09-29 10:30:00-04:00,198,10:30,51694.0,51718.0,51636.0,51677.0,709.0
2026-09-29 10:35:00-04:00,199,10:35,51673.0,51683.0,51640.0,51662.0,369.0
2026-09-29 10:40:00-04:00,200,10:40,51667.0,51701.0,51613.0,51649.0,1092.0
2026-09-29 10:45:00-04:00,201,10:45,51649.0,51664.0,51605.0,51607.0,670.0
2026-09-29 10:50:00-04:00,202,10:50,51608.0,51662.0,51606.0,51659.0,605.0
2026-09-29 10:55:00-04:00,203,10:55,51658.0,51671.0,51610.0,51614.0,457.0
2026-09-29 11:00:00-04:00,204,11:00,51615.0,51619.0,51572.0,51575.0,1197.0
2026-09-29 11:05:00-04:00,205,11:05,51572.0,51584.0,51539.0,51557.0,855.0
2026-09-29 11:10:00-04:00,206,11:10,51556.0,51568.0,51518.0,51530.0,728.0
2026-09-29 11:15:00-04:00,207,11:15,51529.0,51542.0,51500.0,51510.0,931.0
2026-09-29 11:20:00-04:00,208,11:20,51510.0,51512.0,51464.0,51485.0,1157.0
2026-09-29 11:25:00-04:00,209,11:25,51485.0,51510.0,51472.0,51496.0,808.0
2026-09-29 11:30:00-04:00,210,11:30,51496.0,51560.0,51493.0,51558.0,1063.0
2026-09-29 11:35:00-04:00,211,11:35,51557.0,51585.0,51551.0,51563.0,460.0
2026-09-29 11:40:00-04:00,212,11:40,51565.0,51574.0,51536.0,51565.0,529.0
2026-09-29 11:45:00-04:00,213,11:45,51566.0,51600.0,51533.0,51561.0,1851.0
2026-09-29 11:50:00-04:00,214,11:50,51560.0,51567.0,51490.0,51503.0,670.0
2026-09-29 11:55:00-04:00,215,11:55,51501.0,51505.0,51489.0,51498.0,419.0
2026-09-29 12:00:00-04:00,216,12:00,51498.0,51501.0,51459.0,51480.0,815.0
2026-09-29 12:05:00-04:00,217,12:05,51479.0,51506.0,51464.0,51501.0,505.0
2026-09-29 12:10:00-04:00,218,12:10,51500.0,51516.0,51478.0,51492.0,417.0
2026-09-29 12:15:00-04:00,219,12:15,51488.0,51506.0,51486.0,51499.0,244.0
2026-09-29 12:20:00-04:00,220,12:20,51501.0,51520.0,51481.0,51502.0,523.0
2026-09-29 12:25:00-04:00,221,12:25,51502.0,51526.0,51502.0,51519.0,275.0
2026-09-29 12:30:00-04:00,222,12:30,51521.0,51530.0,51509.0,51521.0,360.0
2026-09-29 12:35:00-04:00,223,12:35,51522.0,51537.0,51521.0,51534.0,271.0
2026-09-29 12:40:00-04:00,224,12:40,51535.0,51539.0,51510.0,51513.0,442.0
2026-09-29 12:45:00-04:00,225,12:45,51512.0,51537.0,51495.0,51517.0,494.0
2026-09-29 12:50:00-04:00,226,12:50,51517.0,51537.0,51515.0,51535.0,210.0
2026-09-29 12:55:00-04:00,227,12:55,51533.0,51533.0,51505.0,51529.0,257.0
2026-09-29 13:00:00-04:00,228,13:00,51527.0,51527.0,51480.0,51505.0,378.0
2026-09-29 13:05:00-04:00,229,13:05,51502.0,51512.0,51491.0,51491.0,219.0
2026-09-29 13:10:00-04:00,230,13:10,51494.0,51522.0,51488.0,51517.0,252.0
2026-09-29 13:15:00-04:00,231,13:15,51517.0,51518.0,51495.0,51505.0,198.0
2026-09-29 13:20:00-04:00,232,13:20,51506.0,51522.0,51493.0,51522.0,277.0
2026-09-29 13:25:00-04:00,233,13:25,51522.0,51539.0,51510.0,51537.0,286.0
2026-09-29 13:30:00-04:00,234,13:30,51538.0,51553.0,51529.0,51550.0,316.0
2026-09-29 13:35:00-04:00,235,13:35,51550.0,51563.0,51541.0,51560.0,245.0
2026-09-29 13:40:00-04:00,236,13:40,51558.0,51576.0,51549.0,51576.0,264.0
2026-09-29 13:45:00-04:00,237,13:45,51576.0,51591.0,51556.0,51564.0,490.0
2026-09-29 13:50:00-04:00,238,13:50,51566.0,51571.0,51536.0,51539.0,254.0
2026-09-29 13:55:00-04:00,239,13:55,51536.0,51550.0,51529.0,51546.0,240.0
2026-09-29 14:00:00-04:00,240,14:00,51547.0,51630.0,51546.0,51618.0,1292.0
2026-09-29 14:05:00-04:00,241,14:05,51616.0,51647.0,51558.0,51560.0,762.0
2026-09-29 14:10:00-04:00,242,14:10,51556.0,51609.0,51556.0,51603.0,325.0
2026-09-29 14:15:00-04:00,243,14:15,51600.0,51614.0,51595.0,51611.0,244.0
2026-09-29 14:20:00-04:00,244,14:20,51611.0,51651.0,51609.0,51623.0,336.0
2026-09-29 14:25:00-04:00,245,14:25,51626.0,51627.0,51606.0,51611.0,253.0
2026-09-29 14:30:00-04:00,246,14:30,51609.0,51645.0,51588.0,51609.0,632.0
2026-09-29 14:35:00-04:00,247,14:35,51609.0,51687.0,51603.0,51681.0,564.0
2026-09-29 14:40:00-04:00,248,14:40,51682.0,51720.0,51669.0,51688.0,860.0
2026-09-29 14:45:00-04:00,249,14:45,51690.0,51699.0,51661.0,51673.0,558.0
2026-09-29 14:50:00-04:00,250,14:50,51673.0,51680.0,51663.0,51668.0,209.0
2026-09-29 14:55:00-04:00,251,14:55,51667.0,51687.0,51660.0,51684.0,176.0
2026-09-29 15:00:00-04:00,252,15:00,51685.0,51706.0,51678.0,51703.0,254.0
2026-09-29 15:05:00-04:00,253,15:05,51703.0,51708.0,51694.0,51703.0,180.0
2026-09-29 15:10:00-04:00,254,15:10,51700.0,51710.0,51695.0,51696.0,238.0
2026-09-29 15:15:00-04:00,255,15:15,51699.0,51711.0,51685.0,51705.0,369.0
2026-09-29 15:20:00-04:00,256,15:20,51707.0,51720.0,51695.0,51696.0,600.0
2026-09-29 15:25:00-04:00,257,15:25,51700.0,51710.0,51691.0,51710.0,181.0
2026-09-29 15:30:00-04:00,258,15:30,51712.0,51723.0,51697.0,51699.0,303.0
2026-09-29 15:35:00-04:00,259,15:35,51697.0,51709.0,51693.0,51697.0,259.0
2026-09-29 15:40:00-04:00,260,15:40,51699.0,51707.0,51686.0,51696.0,226.0
2026-09-29 15:45:00-04:00,261,15:45,51694.0,51712.0,51680.0,51699.0,484.0
2026-09-29 15:50:00-04:00,262,15:50,51696.0,51728.0,51695.0,51717.0,751.0
