Trade ID,Symbol,Asset Class,Direction,Entry Time,Entry Price,Stop Loss,Take Profit,Exit Time,Exit Price,Size,Net PnL ($),Return (R),Holding Bars,Exit Reason
1,GBPJPY=X,Forex,LONG,2024-09-15 04:00:00+00:00,200.182,197.262,213.322,2024-09-18 04:00:00+00:00,201.662,513.6986,760.27,0.51,18,Time Barrier (18 Bars)
2,GBPJPY=X,Forex,LONG,2024-09-29 08:00:00+00:00,203.333,201.059,213.566,2024-10-02 08:00:00+00:00,208.215,664.6456,3244.8,2.15,18,Time Barrier (18 Bars)
3,GBPJPY=X,Forex,LONG,2024-10-13 12:00:00+00:00,203.948,201.983,212.7905,2024-10-16 12:00:00+00:00,206.761,793.9319,2233.33,1.43,18,Time Barrier (18 Bars)
4,GBPJPY=X,Forex,LONG,2024-11-14 08:00:00+00:00,202.457,200.008,213.4775,2024-11-17 08:00:00+00:00,204.328,650.7048,1217.47,0.76,18,Time Barrier (18 Bars)
5,GBPJPY=X,Forex,LONG,2025-02-28 16:00:00+00:00,217.149,214.37,229.6545,2025-03-03 16:00:00+00:00,218.7,580.0065,899.59,0.56,18,Time Barrier (18 Bars)
6,GBPJPY=X,Forex,LONG,2025-05-10 12:00:00+00:00,207.599,205.146,218.6375,2025-05-13 12:00:00+00:00,206.967,662.5895,-418.76,-0.26,18,Time Barrier (18 Bars)
7,GBPJPY=X,Forex,LONG,2025-09-21 20:00:00+00:00,179.44,178.749,182.5495,2025-09-24 20:00:00+00:00,180.71,2343.0544,2975.68,1.84,18,Time Barrier (18 Bars)
8,GBPJPY=X,Forex,SHORT,2025-12-06 16:00:00+00:00,169.478,169.998,167.138,2025-12-07 08:00:00+00:00,170.02,3199.3957,-1734.07,-1.04,4,Stop Loss
9,GBPJPY=X,Forex,LONG,2025-12-30 04:00:00+00:00,172.538,170.478,181.808,2026-01-01 00:00:00+00:00,170.456,794.9877,-1655.16,-1.01,11,Stop Loss
10,GBPJPY=X,Forex,SHORT,2026-02-17 20:00:00+00:00,174.293,174.672,172.5875,2026-02-18 00:00:00+00:00,174.694,4255.5336,-1706.47,-1.06,1,Stop Loss
11,GBPJPY=X,Forex,LONG,2026-05-31 12:00:00+00:00,172.663,170.857,180.79,2026-06-03 12:00:00+00:00,171.274,878.8761,-1220.76,-0.77,18,Time Barrier (18 Bars)
12,GBPJPY=X,Forex,LONG,2026-06-14 16:00:00+00:00,171.242,168.958,181.52,2026-06-17 16:00:00+00:00,170.49,686.9259,-516.57,-0.33,18,Time Barrier (18 Bars)
