timestamp_utc,timestamp_et,epoch,open,high,low,close,volume,bar_status,range_pts,body_pts,upper_wick_pts,lower_wick_pts,close_pos_in_range,ret_pts,ret_pct,direction,swing_tag,origin
2026-09-29T18:00:00Z,2026-09-29 14:00:00 EDT,1790704800,51218.01,51289.62,51218.01,51259.55,1115327,COMPLETED,71.61,41.54,30.07,0.0,0.5801,,,UP,,DERIVED
2026-09-29T18:03:00Z,2026-09-29 14:03:00 EDT,1790704980,51263.26,51285.23,51250.9,51282.45,1211883,COMPLETED,34.33,19.19,2.78,12.36,0.919,22.9,0.0447,UP,,DERIVED
2026-09-29T18:06:00Z,2026-09-29 14:06:00 EDT,1790705160,51281.89,51298.08,51249.32,51249.32,1462285,COMPLETED,48.76,-32.57,16.19,0.0,0.0,-33.13,-0.0646,DOWN,SWING_HIGH,DERIVED
2026-09-29T18:09:00Z,2026-09-29 14:09:00 EDT,1790705340,51250.88,51251.16,51222.92,51231.14,1331849,COMPLETED,28.24,-19.74,0.28,8.22,0.291,-18.18,-0.0355,DOWN,SWING_LOW,DERIVED
2026-09-29T18:12:00Z,2026-09-29 14:12:00 EDT,1790705520,51230.4,51266.91,51228.59,51265.14,1380224,COMPLETED,38.32,34.74,1.77,1.81,0.9538,34.0,0.0664,UP,,DERIVED
2026-09-29T18:15:00Z,2026-09-29 14:15:00 EDT,1790705700,51265.21,51271.19,51261.1,51269.29,1384852,COMPLETED,10.09,4.08,1.9,4.11,0.8115,4.15,0.0081,UP,,DERIVED
2026-09-29T18:18:00Z,2026-09-29 14:18:00 EDT,1790705880,51269.71,51288.58,51267.87,51288.02,1271874,COMPLETED,20.71,18.31,0.56,1.84,0.973,18.73,0.0365,UP,,DERIVED
2026-09-29T18:21:00Z,2026-09-29 14:21:00 EDT,1790706060,51288.43,51311.9,51282.81,51305.83,1663900,COMPLETED,29.09,17.4,6.07,5.62,0.7913,17.81,0.0347,UP,SWING_HIGH,DERIVED
2026-09-29T18:24:00Z,2026-09-29 14:24:00 EDT,1790706240,51305.55,51307.42,51277.97,51277.97,1674699,COMPLETED,29.45,-27.58,1.87,0.0,0.0,-27.86,-0.0543,DOWN,,DERIVED
2026-09-29T18:27:00Z,2026-09-29 14:27:00 EDT,1790706420,51277.34,51283.44,51268.88,51273.55,1464144,COMPLETED,14.56,-3.79,6.1,4.67,0.3208,-4.42,-0.0086,DOWN,,DERIVED
2026-09-29T18:30:00Z,2026-09-29 14:30:00 EDT,1790706600,51273.58,51303.8,51250.88,51265.28,1839114,COMPLETED,52.92,-8.3,30.22,14.4,0.2721,-8.27,-0.0161,DOWN,SWING_LOW,DERIVED
2026-09-29T18:33:00Z,2026-09-29 14:33:00 EDT,1790706780,51264.82,51282.32,51263.95,51282.32,1252709,COMPLETED,18.37,17.5,0.0,0.87,1.0,17.04,0.0332,UP,,DERIVED
2026-09-29T18:36:00Z,2026-09-29 14:36:00 EDT,1790706960,51283.78,51329.14,51280.75,51329.14,1543395,COMPLETED,48.39,45.36,0.0,3.03,1.0,46.82,0.0913,UP,,DERIVED
2026-09-29T18:39:00Z,2026-09-29 14:39:00 EDT,1790707140,51327.99,51380.38,51327.99,51374.64,1813575,COMPLETED,52.39,46.65,5.74,0.0,0.8905,45.5,0.0886,UP,SWING_HIGH,DERIVED
2026-09-29T18:42:00Z,2026-09-29 14:42:00 EDT,1790707320,51374.99,51379.54,51333.28,51347.82,1481820,COMPLETED,46.26,-27.17,4.55,14.54,0.3143,-26.82,-0.0522,DOWN,,DERIVED
2026-09-29T18:45:00Z,2026-09-29 14:45:00 EDT,1790707500,51347.4,51358.03,51326.45,51330.11,1538896,COMPLETED,31.58,-17.29,10.63,3.66,0.1159,-17.71,-0.0345,DOWN,,DERIVED
2026-09-29T18:48:00Z,2026-09-29 14:48:00 EDT,1790707680,51329.89,51337.53,51324.64,51329.02,1386420,COMPLETED,12.89,-0.87,7.64,4.38,0.3397,-1.09,-0.0021,DOWN,,DERIVED
2026-09-29T18:51:00Z,2026-09-29 14:51:00 EDT,1790707860,51328.15,51339.6,51324.39,51331.51,1622176,COMPLETED,15.21,3.36,8.09,3.76,0.4682,2.49,0.0049,UP,,DERIVED
2026-09-29T18:54:00Z,2026-09-29 14:54:00 EDT,1790708040,51331.5,51337.29,51328.31,51331.87,1608394,COMPLETED,8.98,0.37,5.42,3.19,0.3967,0.36,0.0007,UP,,DERIVED
2026-09-29T18:57:00Z,2026-09-29 14:57:00 EDT,1790708220,51331.75,51348.01,51323.15,51346.05,1822750,COMPLETED,24.86,14.3,1.96,8.6,0.9211,14.18,0.0276,UP,SWING_LOW,DERIVED
2026-09-29T19:00:00Z,2026-09-29 15:00:00 EDT,1790708400,51346.11,51354.77,51338.38,51348.88,1722350,COMPLETED,16.39,2.77,5.89,7.73,0.6406,2.83,0.0055,UP,,DERIVED
2026-09-29T19:03:00Z,2026-09-29 15:03:00 EDT,1790708580,51350.65,51364.96,51349.71,51363.19,1644991,COMPLETED,15.25,12.54,1.77,0.94,0.884,14.31,0.0279,UP,,DERIVED
2026-09-29T19:06:00Z,2026-09-29 15:06:00 EDT,1790708760,51363.71,51367.39,51357.34,51361.79,1583100,COMPLETED,10.05,-1.92,3.68,4.45,0.4427,-1.4,-0.0027,DOWN,,DERIVED
2026-09-29T19:09:00Z,2026-09-29 15:09:00 EDT,1790708940,51361.39,51368.64,51358.42,51367.28,1618503,COMPLETED,10.22,5.89,1.36,2.97,0.867,5.49,0.0107,UP,,DERIVED
2026-09-29T19:12:00Z,2026-09-29 15:12:00 EDT,1790709120,51367.92,51368.91,51354.38,51355.9,1773011,COMPLETED,14.53,-12.02,0.99,1.52,0.1046,-11.38,-0.0222,DOWN,,DERIVED
2026-09-29T19:15:00Z,2026-09-29 15:15:00 EDT,1790709300,51356.77,51358.92,51342.62,51343.12,2165926,COMPLETED,16.3,-13.65,2.15,0.5,0.0307,-12.78,-0.0249,DOWN,,DERIVED
2026-09-29T19:18:00Z,2026-09-29 15:18:00 EDT,1790709480,51342.73,51373.21,51341.58,51367.83,1984340,COMPLETED,31.63,25.1,5.38,1.15,0.8298,24.71,0.0481,UP,SWING_LOW,DERIVED
2026-09-29T19:21:00Z,2026-09-29 15:21:00 EDT,1790709660,51366.88,51375.49,51363.77,51368.15,1783936,COMPLETED,11.72,1.27,7.34,3.11,0.3737,0.32,0.0006,UP,SWING_HIGH,DERIVED
2026-09-29T19:24:00Z,2026-09-29 15:24:00 EDT,1790709840,51368.14,51369.84,51355.25,51357.78,1797648,COMPLETED,14.59,-10.36,1.7,2.53,0.1735,-10.37,-0.0202,DOWN,,DERIVED
2026-09-29T19:27:00Z,2026-09-29 15:27:00 EDT,1790710020,51357.71,51367.42,51349.66,51367.17,1966349,COMPLETED,17.76,9.46,0.25,8.05,0.9859,9.39,0.0183,UP,SWING_LOW,DERIVED
2026-09-29T19:30:00Z,2026-09-29 15:30:00 EDT,1790710200,51367.59,51383.33,51362.22,51383.33,2180251,COMPLETED,21.11,15.74,0.0,5.37,1.0,16.16,0.0315,UP,,DERIVED
2026-09-29T19:33:00Z,2026-09-29 15:33:00 EDT,1790710380,51382.73,51384.27,51350.08,51352.27,2266501,COMPLETED,34.19,-30.46,1.54,2.19,0.0641,-31.06,-0.0604,DOWN,,DERIVED
2026-09-29T19:36:00Z,2026-09-29 15:36:00 EDT,1790710560,51352.34,51364.75,51350.73,51363.93,2546408,COMPLETED,14.02,11.59,0.82,1.61,0.9415,11.66,0.0227,UP,,DERIVED
