timestamp_utc,timestamp_et,epoch,swing_type,price,method
2026-09-28T14:15:00Z,2026-09-28 10:15:00 EDT,1790604900,SWING_HIGH,51642.21,fractal_k=2
2026-09-28T15:00:00Z,2026-09-28 11:00:00 EDT,1790607600,SWING_LOW,51409.65,fractal_k=2
2026-09-28T16:15:00Z,2026-09-28 12:15:00 EDT,1790612100,SWING_HIGH,51740.65,fractal_k=2
2026-09-28T17:00:00Z,2026-09-28 13:00:00 EDT,1790614800,SWING_HIGH,51780.5,fractal_k=2
2026-09-29T15:15:00Z,2026-09-29 11:15:00 EDT,1790694900,SWING_LOW,51132.76,fractal_k=2
2026-09-29T15:45:00Z,2026-09-29 11:45:00 EDT,1790696700,SWING_HIGH,51255.33,fractal_k=2
2026-09-29T16:00:00Z,2026-09-29 12:00:00 EDT,1790697600,SWING_LOW,51129.18,fractal_k=2
2026-09-29T16:45:00Z,2026-09-29 12:45:00 EDT,1790700300,SWING_HIGH,51206.1,fractal_k=2
2026-09-29T17:00:00Z,2026-09-29 13:00:00 EDT,1790701200,SWING_LOW,51150.4,fractal_k=2
2026-09-29T18:30:00Z,2026-09-29 14:30:00 EDT,1790706600,SWING_HIGH,51380.38,fractal_k=2
