config_id,target_r,stop_buffer_pts,rejection_zone_pts,setup_expiry_bars,trades,expectancy_r,total_r,win_rate,profit_factor,max_dd_r,ci_low,ci_high
0,1.5,3.0,10.0,4,64,-0.1967,-12.587,0.3594,0.675,16.661,-0.4685,0.0825
1,2.0,3.0,10.0,4,63,-0.1726,-10.872,0.3175,0.727,12.605,-0.4806,0.139
2,3.0,3.0,10.0,4,60,-0.2749,-16.492,0.2667,0.603,17.96,-0.5613,0.0391
3,1.5,5.0,10.0,4,62,-0.1679,-10.41,0.371,0.714,13.293,-0.4405,0.1152
4,2.0,5.0,10.0,4,59,-0.1773,-10.461,0.322,0.721,12.329,-0.4706,0.1175
5,3.0,5.0,10.0,4,59,-0.2241,-13.223,0.2881,0.662,14.594,-0.5123,0.0892
6,1.5,10.0,10.0,4,59,-0.1496,-8.824,0.3729,0.726,10.579,-0.4461,0.1359
7,2.0,10.0,10.0,4,55,-0.2229,-12.257,0.3273,0.631,14.144,-0.4989,0.0779
8,3.0,10.0,10.0,4,54,-0.2061,-11.13,0.3333,0.655,12.307,-0.4962,0.1206
9,1.5,3.0,10.0,8,65,-0.192,-12.481,0.3538,0.679,16.554,-0.4615,0.0781
10,2.0,3.0,10.0,8,63,-0.1756,-11.066,0.3175,0.724,12.826,-0.4846,0.1346
11,3.0,3.0,10.0,8,60,-0.2712,-16.27,0.2667,0.607,17.738,-0.5586,0.0416
12,1.5,5.0,10.0,8,63,-0.1399,-8.814,0.381,0.75,11.698,-0.4049,0.1275
13,2.0,5.0,10.0,8,60,-0.1529,-9.176,0.3333,0.749,11.044,-0.4379,0.1269
14,3.0,5.0,10.0,8,59,-0.2215,-13.07,0.3051,0.654,14.441,-0.4959,0.0729
15,1.5,10.0,10.0,8,59,-0.1244,-7.34,0.3898,0.763,9.094,-0.4169,0.1416
16,2.0,10.0,10.0,8,56,-0.2091,-11.708,0.3393,0.637,13.594,-0.4698,0.0687
17,3.0,10.0,10.0,8,54,-0.2066,-11.156,0.3519,0.639,12.333,-0.4888,0.0969
18,1.5,3.0,15.0,4,67,-0.2345,-15.709,0.3433,0.625,19.783,-0.4817,0.0539
19,2.0,3.0,15.0,4,66,-0.2045,-13.495,0.303,0.682,15.228,-0.4838,0.1096
20,3.0,3.0,15.0,4,62,-0.3241,-20.095,0.2581,0.545,21.563,-0.5805,-0.0259
21,1.5,5.0,15.0,4,65,-0.1984,-12.899,0.3538,0.668,15.782,-0.4465,0.0788
22,2.0,5.0,15.0,4,62,-0.2004,-12.424,0.3065,0.685,14.292,-0.4658,0.1012
23,3.0,5.0,15.0,4,61,-0.2674,-16.311,0.2787,0.603,17.682,-0.5144,0.044
24,1.5,10.0,15.0,4,62,-0.1819,-11.28,0.3548,0.674,13.034,-0.4361,0.1049
25,2.0,10.0,15.0,4,57,-0.2455,-13.991,0.3158,0.597,15.878,-0.5049,0.0569
26,3.0,10.0,15.0,4,57,-0.2533,-14.437,0.3158,0.584,15.613,-0.5135,0.0524
27,1.5,3.0,15.0,8,68,-0.2295,-15.603,0.3382,0.628,19.676,-0.4755,0.051
28,2.0,3.0,15.0,8,66,-0.2074,-13.689,0.303,0.679,15.449,-0.4896,0.106
29,3.0,3.0,15.0,8,62,-0.3205,-19.873,0.2581,0.549,21.341,-0.5778,-0.0207
30,1.5,5.0,15.0,8,66,-0.1713,-11.304,0.3636,0.701,14.187,-0.4132,0.0939
31,2.0,5.0,15.0,8,63,-0.1768,-11.139,0.3175,0.711,13.007,-0.4361,0.1217
32,3.0,5.0,15.0,8,61,-0.2649,-16.158,0.2951,0.594,17.529,-0.5052,0.0167
33,1.5,10.0,15.0,8,62,-0.158,-9.796,0.371,0.707,11.55,-0.4106,0.124
34,2.0,10.0,15.0,8,58,-0.2318,-13.442,0.3276,0.601,15.328,-0.4824,0.0469
35,3.0,10.0,15.0,8,57,-0.2537,-14.463,0.3333,0.566,15.639,-0.502,0.0384
36,1.5,3.0,25.0,4,71,-0.2336,-16.588,0.3239,0.622,20.83,-0.5016,0.05
37,2.0,3.0,25.0,4,70,-0.2079,-14.551,0.2857,0.678,18.187,-0.5191,0.1125
38,3.0,3.0,25.0,4,65,-0.3819,-24.824,0.2308,0.47,26.292,-0.633,-0.0855
39,1.5,5.0,25.0,4,69,-0.1984,-13.691,0.3333,0.664,16.574,-0.4736,0.0775
40,2.0,5.0,25.0,4,66,-0.2209,-14.582,0.2879,0.654,16.45,-0.5102,0.0898
41,3.0,5.0,25.0,4,64,-0.3285,-21.025,0.25,0.519,22.396,-0.5738,-0.046
42,1.5,10.0,25.0,4,65,-0.161,-10.467,0.3385,0.707,15.569,-0.4443,0.1283
43,2.0,10.0,25.0,4,61,-0.2429,-14.814,0.2951,0.6,17.348,-0.5176,0.0574
44,3.0,10.0,25.0,4,59,-0.2774,-16.366,0.2881,0.552,17.543,-0.5419,0.0178
45,1.5,3.0,25.0,8,72,-0.2238,-16.11,0.3333,0.633,20.184,-0.4834,0.0418
46,2.0,3.0,25.0,8,70,-0.209,-14.633,0.3,0.676,17.276,-0.4913,0.1005
47,3.0,3.0,25.0,8,66,-0.359,-23.695,0.2424,0.496,25.163,-0.6043,-0.0815
48,1.5,5.0,25.0,8,70,-0.1686,-11.799,0.3571,0.702,14.682,-0.4296,0.0961
49,2.0,5.0,25.0,8,67,-0.1807,-12.106,0.3134,0.704,13.974,-0.4523,0.1004
50,3.0,5.0,25.0,8,65,-0.3077,-20.004,0.2769,0.531,21.375,-0.5458,-0.0568
51,1.5,10.0,25.0,8,65,-0.1364,-8.868,0.3692,0.743,12.972,-0.4106,0.1485
52,2.0,10.0,25.0,8,62,-0.2098,-13.009,0.3226,0.636,14.895,-0.4795,0.0677
53,3.0,10.0,25.0,8,60,-0.2601,-15.604,0.3167,0.56,16.781,-0.5123,0.0115
