session,side,ts_in,ts_out,reason_in,reason_out,ref_in,fill_in,ref_out,fill_out,stop,target,lots,risk_cash,pnl,r,minutes,ambiguous
2026-03-04,LONG,1772646300,1772650800,sweep_reclaim,stop,41903.04,41905.54,41881.77,41881.27,41881.77,41945.58,21.03,499.88,-510.4,-1.021,75,0
2026-03-05,LONG,1772737200,1772741760,sweep_reclaim,stop,41848.34,41850.84,41821.69,41821.19,41821.69,41901.64,17.06,497.3,-505.83,-1.0172,76,0
2026-03-08,LONG,1772981100,1772989740,sweep_reclaim,target,41796.0,41798.5,41847.34,41846.84,41770.33,41847.34,17.56,494.67,848.85,1.716,144,0
2026-03-09,SHORT,1773071100,1773082380,rejection_confirm,stop,41835.61,41835.11,41876.67,41879.17,41876.67,41753.49,12.01,499.14,-529.16,-1.0602,188,0
2026-03-10,SHORT,1773152100,1773153540,rejection_confirm,stop,41902.32,41901.82,41942.2,41944.7,41942.2,41822.56,12.29,496.27,-527.0,-1.0619,24,0
2026-03-11,SHORT,1773239400,1773248280,rejection_confirm,stop,41949.43,41948.93,41987.81,41990.31,41987.81,41872.67,12.7,493.78,-525.53,-1.0643,148,0
2026-03-11,SHORT,1773251100,1773255180,rejection_confirm,stop,41974.99,41974.49,42018.85,42021.35,42018.85,41887.27,11.07,491.07,-518.74,-1.0564,68,0
2026-03-12,LONG,1773326700,1773327000,sweep_reclaim,stop,41916.62,41919.12,41904.24,41903.74,41904.24,41941.38,32.84,488.66,-505.08,-1.0336,5,0
2026-03-12,LONG,1773333000,1773345300,sweep_reclaim,flat_by_time,41914.68,41917.18,41924.43,41923.93,41868.05,42007.94,9.89,485.9,66.76,0.1374,205,0
2026-03-16,SHORT,1773675900,1773682380,rejection_confirm,stop,41967.51,41967.01,42025.23,42027.73,42025.23,41852.07,8.35,486.14,-507.01,-1.0429,108,0
2026-03-16,SHORT,1773686700,1773690360,rejection_confirm,stop,41977.09,41976.59,42037.45,42039.95,42037.45,41856.37,7.95,483.84,-503.71,-1.0411,61,0
2026-03-18,SHORT,1773848700,1773858360,rejection_confirm,target,42100.68,42100.18,41981.66,41984.16,42160.19,41981.66,8.02,481.28,930.48,1.9333,161,0
2026-03-19,LONG,1773935100,1773939780,sweep_reclaim,stop,41952.84,41955.34,41934.03,41933.53,41934.03,41990.46,22.8,485.87,-497.27,-1.0235,78,0
2026-03-22,LONG,1774198800,1774209300,sweep_reclaim,flat_by_time,41869.12,41871.62,41811.62,41811.12,41794.02,42019.32,6.23,483.45,-376.92,-0.7796,175,0
2026-03-24,SHORT,1774367100,1774376400,rejection_confirm,target,41860.15,41859.65,41779.25,41781.75,41900.6,41779.25,11.76,481.57,916.1,1.9023,155,0
2026-03-24,SHORT,1774377000,1774382100,rejection_confirm,flat_by_time,41774.41,41773.91,41816.63,41819.13,41902.08,41519.07,3.79,485.76,-171.38,-0.3528,85,0
2026-03-25,SHORT,1774458900,1774461780,rejection_confirm,stop,41858.49,41857.99,41912.33,41914.83,41912.33,41750.81,8.93,485.26,-507.58,-1.046,48,0
2026-03-26,SHORT,1774541700,1774554900,rejection_confirm,flat_by_time,41933.0,41932.5,41877.99,41880.49,41969.08,41860.84,13.2,482.86,686.53,1.4218,220,0
2026-03-30,LONG,1774878300,1774896840,sweep_reclaim,target,41805.5,41808.0,41870.84,41870.34,41772.83,41870.84,13.82,486.05,861.54,1.7725,309,0
2026-03-31,SHORT,1774968300,1774975380,rejection_confirm,stop,41925.3,41924.8,41953.44,41955.94,41953.44,41869.02,17.13,490.6,-533.43,-1.0873,118,0
2026-03-31,SHORT,1774981800,1774986900,rejection_confirm,flat_by_time,41908.45,41907.95,41949.35,41951.85,41960.21,41804.93,9.33,487.59,-409.59,-0.84,85,0
2026-04-01,SHORT,1775053800,1775061000,rejection_confirm,target,41930.14,41929.64,41854.88,41857.38,41967.77,41854.88,12.74,485.78,920.59,1.8951,120,0
2026-04-01,LONG,1775064600,1775073300,sweep_reclaim,flat_by_time,41912.43,41914.93,41940.35,41939.85,41848.28,42040.73,7.35,489.88,183.16,0.3739,145,0
2026-04-02,SHORT,1775146500,1775159700,rejection_confirm,flat_by_time,41909.92,41909.42,41933.74,41936.24,41975.02,41779.72,7.49,491.34,-200.88,-0.4088,220,0
2026-04-05,LONG,1775397600,1775402520,sweep_reclaim,stop,41905.69,41908.19,41864.84,41864.34,41864.84,41987.39,11.31,490.29,-495.94,-1.0115,82,0
2026-04-05,LONG,1775403900,1775418900,sweep_reclaim,flat_by_time,41896.85,41899.35,41901.01,41900.51,41852.9,41984.75,10.5,487.72,12.18,0.025,250,0
2026-04-07,SHORT,1775574900,1775589300,rejection_confirm,stop,41924.69,41924.19,41964.95,41967.45,41964.95,41844.17,11.97,487.9,-517.82,-1.0613,240,0
2026-04-08,SHORT,1775656800,1775662980,rejection_confirm,stop,41968.31,41967.81,42022.01,42024.51,42022.01,41860.91,8.95,485.09,-507.47,-1.0461,103,0
2026-04-09,LONG,1775750400,1775758260,sweep_reclaim,stop,41996.48,41998.98,41953.29,41952.79,41953.29,42082.86,10.56,482.49,-487.77,-1.0109,131,0
2026-04-09,LONG,1775758500,1775760300,sweep_reclaim,target,41966.2,41968.7,42008.12,42007.62,41945.24,42008.12,20.47,480.23,796.69,1.659,30,0
2026-04-14,SHORT,1776184200,1776196500,rejection_confirm,flat_by_time,42178.77,42178.27,42158.73,42161.23,42237.9,42060.51,8.12,484.2,138.36,0.2858,205,0
2026-04-16,LONG,1776347100,1776351240,sweep_reclaim,stop,42074.89,42077.39,42056.09,42055.59,42056.09,42112.49,22.77,485.0,-496.39,-1.0235,69,0
2026-04-16,LONG,1776357000,1776362280,sweep_reclaim,target,42085.28,42087.78,42167.86,42167.36,42043.99,42167.86,11.02,482.57,876.97,1.8173,88,0
2026-04-19,SHORT,1776618000,1776624300,rejection_confirm,target,42124.33,42123.83,42033.57,42036.07,42169.71,42033.57,10.61,486.79,931.13,1.9128,105,0
2026-04-19,LONG,1776625200,1776628500,sweep_reclaim,flat_by_time,42053.11,42055.61,42038.73,42038.23,42020.66,42118.01,14.06,491.4,-244.36,-0.4973,55,0
2026-04-20,LONG,1776696300,1776704100,sweep_reclaim,stop,42032.21,42034.71,41997.16,41996.66,41997.16,42102.31,13.06,490.4,-496.93,-1.0133,130,0
2026-04-21,LONG,1776779100,1776782280,sweep_reclaim,stop,41911.93,41914.43,41877.73,41877.23,41877.73,41980.33,13.29,487.74,-494.39,-1.0136,53,0
2026-04-21,LONG,1776783600,1776785100,sweep_reclaim,stop,41901.7,41904.2,41860.54,41860.04,41860.54,41984.02,11.11,485.06,-490.62,-1.0115,25,0
2026-04-23,SHORT,1776952800,1776967680,rejection_confirm,stop,42090.74,42090.24,42164.63,42167.13,42164.63,41942.96,6.49,482.79,-499.02,-1.0336,248,0
2026-04-27,LONG,1777297500,1777298220,sweep_reclaim,stop,42003.36,42005.86,41989.18,41988.68,41989.18,42031.72,28.8,480.38,-494.78,-1.03,12,0
2026-04-27,LONG,1777299300,1777306440,sweep_reclaim,target,42022.21,42024.71,42098.59,42098.09,41984.02,42098.59,11.74,477.7,861.48,1.8034,119,0
2026-04-28,LONG,1777393800,1777403580,sweep_reclaim,target,42010.41,42012.91,42069.73,42069.23,41980.75,42069.73,14.99,482.08,844.24,1.7512,163,0
2026-04-29,LONG,1777477500,1777478280,sweep_reclaim,stop,41990.69,41993.19,41969.86,41969.36,41969.86,42032.35,20.85,486.43,-496.86,-1.0214,13,0
2026-04-29,LONG,1777482000,1777483920,sweep_reclaim,stop,41993.7,41996.2,41962.28,41961.78,41962.28,42056.54,14.27,484.04,-491.17,-1.0147,32,0
2026-04-30,LONG,1777558500,1777558920,sweep_reclaim,stop,41884.35,41886.85,41866.1,41865.6,41866.1,41920.85,23.21,481.61,-493.21,-1.0241,7,0
2026-04-30,LONG,1777560300,1777563240,sweep_reclaim,stop,41901.24,41903.74,41854.57,41854.07,41854.57,41994.58,9.74,478.92,-483.79,-1.0102,49,0
2026-05-04,SHORT,1777910400,1777924500,rejection_confirm,flat_by_time,41894.96,41894.46,41835.11,41837.61,41945.34,41794.2,9.37,476.75,532.68,1.1173,235,0
2026-05-05,LONG,1777995900,1778010900,sweep_reclaim,flat_by_time,41827.24,41829.74,41779.41,41778.91,41748.32,41985.08,5.88,478.75,-298.88,-0.6243,250,0
2026-05-06,LONG,1778082300,1778097300,sweep_reclaim,flat_by_time,41754.98,41757.48,41891.76,41891.26,41673.31,41918.32,5.67,477.24,758.53,1.5894,250,0
2026-05-07,SHORT,1778168700,1778173620,rejection_confirm,stop,41848.04,41847.54,41916.91,41919.41,41916.91,41710.3,6.94,481.43,-498.78,-1.036,82,0
2026-05-10,SHORT,1778430600,1778442900,rejection_confirm,flat_by_time,41920.78,41920.28,41942.4,41944.9,41985.47,41791.4,7.35,479.15,-180.96,-0.3777,205,0
2026-05-11,LONG,1778511600,1778511780,sweep_reclaim,stop,41894.84,41897.34,41876.05,41875.55,41876.05,41932.42,22.46,478.17,-489.4,-1.0235,3,0
2026-05-11,LONG,1778512500,1778516940,sweep_reclaim,target,41886.25,41888.75,41922.99,41922.49,41867.88,41922.99,22.8,475.84,769.27,1.6167,74,0
2026-05-13,SHORT,1778694300,1778702100,rejection_confirm,flat_by_time,41988.59,41988.09,42006.49,42008.99,42061.82,41842.13,6.5,479.25,-135.85,-0.2835,130,0
2026-05-14,LONG,1778784300,1778788500,sweep_reclaim,flat_by_time,41983.12,41985.62,41980.93,41980.43,41890.05,42169.26,5.01,478.81,-26.0,-0.0543,70,0
2026-05-17,SHORT,1779030000,1779033660,rejection_confirm,stop,42018.47,42017.97,42054.31,42056.81,42054.31,41946.79,13.17,478.6,-511.52,-1.0688,61,0
2026-05-18,SHORT,1779114600,1779134100,rejection_confirm,flat_by_time,42069.65,42069.15,42079.41,42081.91,42127.74,41953.47,8.13,476.34,-103.74,-0.2178,325,0
2026-05-19,SHORT,1779206400,1779220500,rejection_confirm,flat_by_time,42091.86,42091.36,42051.83,42054.33,42139.68,41996.22,9.84,475.47,364.38,0.7663,235,0
2026-05-20,LONG,1779287400,1779292140,sweep_reclaim,stop,42021.25,42023.75,41992.17,41991.67,41992.17,42079.41,15.12,477.49,-485.05,-1.0158,79,0
2026-05-20,LONG,1779298200,1779304320,sweep_reclaim,stop,42019.64,42022.14,41984.37,41983.87,41984.37,42090.18,12.58,475.15,-481.44,-1.0132,102,0
2026-05-21,LONG,1779373800,1779376740,sweep_reclaim,stop,41926.62,41929.12,41900.37,41899.87,41900.37,41979.12,16.44,472.65,-480.87,-1.0174,49,0
2026-05-21,LONG,1779378300,1779382140,sweep_reclaim,stop,41933.37,41935.87,41893.28,41892.78,41893.28,42013.55,11.04,470.19,-475.71,-1.0117,64,0
2026-05-24,SHORT,1779643800,1779651660,rejection_confirm,target,41948.53,41948.03,41888.99,41891.49,41978.3,41888.99,15.46,467.97,874.11,1.8679,131,0
2026-05-25,LONG,1779724800,1779727440,sweep_reclaim,stop,41872.32,41874.82,41845.65,41845.15,41845.65,41925.66,16.19,472.26,-480.36,-1.0171,44,0
2026-05-26,LONG,1779809400,1779821220,sweep_reclaim,stop,41717.87,41720.37,41686.12,41685.62,41686.12,41781.37,13.72,469.91,-476.77,-1.0146,197,0
2026-05-28,SHORT,1779986700,1779990900,rejection_confirm,stop,41837.79,41837.29,41883.18,41885.68,41883.18,41747.01,10.19,467.62,-493.09,-1.0545,70,0
2026-05-28,SHORT,1779995700,1779998100,rejection_confirm,flat_by_time,41840.43,41839.93,41846.86,41849.36,41878.61,41764.07,12.02,464.93,-113.35,-0.2438,40,0
2026-05-31,LONG,1780253100,1780255800,sweep_reclaim,target,41799.91,41802.41,41832.69,41832.19,41783.52,41832.69,24.59,464.51,732.29,1.5765,45,0
2026-06-01,LONG,1780322400,1780323900,sweep_reclaim,target,41801.54,41804.04,41842.92,41842.42,41780.85,41842.92,20.19,468.21,774.89,1.655,25,0
2026-06-01,SHORT,1780335000,1780343700,rejection_confirm,flat_by_time,41863.55,41863.05,41876.0,41878.5,41899.05,41792.55,13.11,471.96,-202.55,-0.4292,145,0
2026-06-02,SHORT,1780408800,1780430100,rejection_confirm,flat_by_time,41839.33,41838.83,41845.16,41847.66,41906.35,41705.29,6.97,470.61,-61.55,-0.1308,355,0
2026-06-03,SHORT,1780499700,1780510740,rejection_confirm,target,41850.7,41850.2,41759.58,41762.08,41896.26,41759.58,10.22,470.73,900.59,1.9132,184,0
2026-06-03,LONG,1780513200,1780516500,sweep_reclaim,flat_by_time,41790.55,41793.05,41816.72,41816.22,41751.22,41869.21,11.36,475.19,263.21,0.5539,55,0
2026-06-07,SHORT,1780844400,1780845480,rejection_confirm,stop,41940.32,41939.82,41978.71,41981.21,41978.71,41863.54,12.25,476.4,-507.03,-1.0643,18,0
2026-06-08,SHORT,1780937100,1780948500,rejection_confirm,flat_by_time,41973.06,41972.56,41952.19,41954.69,42036.96,41845.26,7.36,473.98,131.52,0.2775,190,0
2026-06-10,LONG,1781102700,1781103780,sweep_reclaim,stop,41845.29,41847.79,41827.2,41826.7,41827.2,41881.47,23.05,474.6,-486.12,-1.0243,18,0
2026-06-10,LONG,1781108100,1781121300,sweep_reclaim,flat_by_time,41856.52,41859.02,41850.68,41850.18,41789.29,41990.98,6.77,472.07,-59.85,-0.1268,220,0
2026-06-14,LONG,1781455500,1781457240,sweep_reclaim,stop,41706.03,41708.53,41684.33,41683.83,41684.33,41749.43,19.5,471.9,-481.65,-1.0207,29,0
2026-06-14,LONG,1781458200,1781466900,sweep_reclaim,flat_by_time,41716.22,41718.72,41714.24,41713.74,41673.51,41801.64,10.38,469.28,-51.69,-0.1102,145,0
2026-06-15,LONG,1781541000,1781542140,sweep_reclaim,stop,41669.04,41671.54,41633.4,41632.9,41633.4,41740.32,12.3,469.12,-475.27,-1.0131,19,0
2026-06-17,SHORT,1781707500,1781717760,rejection_confirm,stop,41712.89,41712.39,41761.89,41764.39,41761.89,41614.89,9.43,466.78,-490.36,-1.0505,171,0
2026-06-17,SHORT,1781722800,1781726100,rejection_confirm,flat_by_time,41706.35,41705.85,41686.39,41688.89,41778.77,41561.51,6.37,464.5,108.04,0.2326,55,0
2026-06-18,LONG,1781792100,1781801280,sweep_reclaim,stop,41722.23,41724.73,41669.99,41669.49,41669.99,41826.71,8.49,464.74,-468.99,-1.0091,153,0
2026-06-18,LONG,1781802000,1781806860,sweep_reclaim,stop,41686.4,41688.9,41664.47,41663.97,41664.47,41730.26,18.94,462.7,-472.17,-1.0205,81,0
2026-06-21,LONG,1782053100,1782061020,sweep_reclaim,stop,41663.23,41665.73,41619.34,41618.84,41619.34,41751.01,9.92,460.19,-465.15,-1.0108,132,0
2026-06-22,LONG,1782137700,1782140820,sweep_reclaim,stop,41599.5,41602.0,41566.04,41565.54,41566.04,41666.42,12.73,457.77,-464.14,-1.0139,52,0
2026-06-23,SHORT,1782234000,1782236640,rejection_confirm,stop,41563.03,41562.53,41607.37,41609.87,41607.37,41474.35,10.16,455.57,-480.97,-1.0558,44,0
2026-06-25,SHORT,1782396000,1782399120,rejection_confirm,stop,41747.42,41746.92,41790.66,41793.16,41790.66,41660.94,10.36,453.15,-479.05,-1.0572,52,0
2026-06-25,SHORT,1782401400,1782405900,rejection_confirm,stop,41757.9,41757.4,41808.86,41811.36,41808.86,41655.98,8.76,450.79,-472.69,-1.0486,75,0
2026-06-29,SHORT,1782750600,1782762900,rejection_confirm,flat_by_time,41919.27,41918.77,41927.75,41930.25,41968.09,41821.63,9.09,448.32,-104.35,-0.2328,205,0
2026-06-30,SHORT,1782831600,1782849300,rejection_confirm,flat_by_time,41922.01,41921.51,41822.24,41824.74,41983.51,41799.01,7.22,447.64,698.68,1.5608,295,0
2026-07-01,LONG,1782915300,1782930060,sweep_reclaim,stop,41808.69,41811.19,41776.91,41776.41,41776.91,41872.25,13.17,451.47,-458.05,-1.0146,246,0
2026-07-02,LONG,1782999900,1783000440,sweep_reclaim,stop,41703.99,41706.49,41682.84,41682.34,41682.84,41746.29,18.99,449.11,-458.61,-1.0211,9,0
2026-07-02,LONG,1783005300,1783022100,sweep_reclaim,flat_by_time,41709.03,41711.53,41750.65,41750.15,41654.78,41817.53,7.87,446.62,303.94,0.6805,280,0
2026-07-05,SHORT,1783270800,1783281300,rejection_confirm,flat_by_time,41759.33,41758.83,41767.67,41770.17,41809.6,41658.79,8.83,448.3,-100.13,-0.2234,175,0
2026-07-07,SHORT,1783448100,1783454100,rejection_confirm,flat_by_time,41743.01,41742.51,41762.46,41764.96,41816.27,41596.49,6.07,447.72,-136.27,-0.3044,100,0
2026-07-08,LONG,1783521900,1783522860,sweep_reclaim,stop,41718.22,41720.72,41683.62,41683.12,41683.62,41787.42,12.05,447.05,-453.08,-1.0135,16,0
2026-07-09,LONG,1783610100,1783611720,sweep_reclaim,stop,41657.69,41660.19,41632.19,41631.69,41632.19,41708.69,15.89,444.92,-452.87,-1.0179,27,0
2026-07-09,LONG,1783615500,1783621500,sweep_reclaim,stop,41640.36,41642.86,41598.48,41597.98,41598.48,41724.12,9.97,442.47,-447.45,-1.0113,100,0
2026-07-12,LONG,1783872000,1783872720,sweep_reclaim,stop,41593.11,41595.61,41571.66,41571.16,41571.66,41636.01,18.39,440.44,-449.64,-1.0209,12,0
2026-07-12,LONG,1783874700,1783880820,sweep_reclaim,stop,41583.39,41585.89,41543.94,41543.44,41543.94,41662.29,10.44,437.96,-443.18,-1.0119,102,0
2026-07-13,LONG,1783953000,1783959660,sweep_reclaim,target,41535.63,41538.13,41605.01,41604.51,41500.94,41605.01,11.72,435.87,777.97,1.7849,111,0
2026-07-13,LONG,1783960200,1783972500,sweep_reclaim,flat_by_time,41585.83,41588.33,41657.69,41657.19,41501.35,41754.79,5.05,439.25,347.74,0.7917,205,0
2026-07-14,SHORT,1784052000,1784055420,rejection_confirm,stop,41633.63,41633.13,41684.78,41687.28,41684.78,41531.33,8.55,441.61,-462.98,-1.0484,57,0
2026-07-15,SHORT,1784134800,1784145300,rejection_confirm,flat_by_time,41727.11,41726.61,41726.42,41728.92,41766.61,41648.11,10.98,439.2,-25.36,-0.0577,175,0
2026-07-16,LONG,1784223900,1784231700,sweep_reclaim,flat_by_time,41706.04,41708.54,41735.29,41734.79,41679.01,41760.1,14.87,439.11,390.34,0.8889,130,0
2026-07-19,SHORT,1784483100,1784486880,rejection_confirm,stop,41750.92,41750.42,41797.58,41800.08,41797.58,41657.6,9.35,440.95,-464.32,-1.053,63,0
2026-07-20,SHORT,1784568600,1784575320,rejection_confirm,stop,41779.53,41779.03,41849.31,41851.81,41849.31,41639.97,6.24,438.55,-454.15,-1.0356,112,0
2026-07-22,SHORT,1784742300,1784750100,rejection_confirm,flat_by_time,42022.6,42022.1,42041.01,42043.51,42058.94,41949.92,11.85,436.55,-253.71,-0.5812,130,0
2026-07-23,SHORT,1784815200,1784836500,rejection_confirm,flat_by_time,42008.19,42007.69,41967.51,41970.01,42050.83,41922.91,10.09,435.28,380.19,0.8734,355,0
2026-07-26,LONG,1785076200,1785095700,sweep_reclaim,flat_by_time,41945.67,41948.17,41992.57,41992.07,41903.93,42029.15,9.88,437.09,433.73,0.9923,325,0
2026-07-27,SHORT,1785168900,1785182100,rejection_confirm,flat_by_time,41978.3,41977.8,41985.2,41987.7,42015.48,41903.94,11.66,439.35,-115.43,-0.2627,220,0
2026-07-28,SHORT,1785257100,1785259320,rejection_confirm,stop,42000.66,42000.16,42039.46,42041.96,42039.46,41923.06,11.16,438.59,-466.49,-1.0636,37,0
2026-07-28,SHORT,1785262500,1785268500,rejection_confirm,flat_by_time,42023.24,42022.74,42028.69,42031.19,42058.53,41952.66,12.19,436.28,-103.01,-0.2361,100,0
2026-07-30,SHORT,1785420900,1785441300,rejection_confirm,flat_by_time,42067.34,42066.84,42036.76,42039.26,42111.87,41978.28,9.68,435.89,266.97,0.6125,340,0
2026-08-03,SHORT,1785779100,1785786900,rejection_confirm,flat_by_time,42169.97,42169.47,42165.11,42167.61,42235.78,42038.35,6.59,436.98,12.26,0.0281,130,0
2026-08-04,SHORT,1785856500,1785863100,rejection_confirm,stop,42191.85,42191.35,42227.34,42229.84,42227.34,42120.87,12.15,437.28,-467.65,-1.0695,110,0
2026-08-04,SHORT,1785864600,1785870900,rejection_confirm,stop,42185.1,42184.6,42233.14,42235.64,42233.14,42089.02,8.96,434.92,-457.32,-1.0515,105,0
2026-08-05,SHORT,1785940200,1785942780,rejection_confirm,stop,42225.84,42225.34,42272.57,42275.07,42272.57,42132.38,9.16,432.63,-455.53,-1.0529,43,0
2026-08-06,LONG,1786029300,1786037460,sweep_reclaim,target,42234.06,42236.56,42314.54,42314.04,42193.82,42314.54,10.07,430.39,780.22,1.8128,136,0
2026-08-06,SHORT,1786042800,1786046100,rejection_confirm,flat_by_time,42258.43,42257.93,42228.48,42230.98,42312.45,42150.39,7.96,433.98,214.52,0.4943,55,0
2026-08-09,LONG,1786293000,1786296540,sweep_reclaim,stop,42204.97,42207.47,42186.34,42185.84,42186.34,42242.23,20.6,435.28,-445.58,-1.0237,59,0
2026-08-10,LONG,1786371300,1786371540,sweep_reclaim,stop,42146.43,42148.93,42136.13,42135.63,42136.13,42167.03,33.84,433.15,-450.07,-1.0391,4,0
2026-08-11,LONG,1786457700,1786457820,sweep_reclaim,stop,42004.0,42006.5,41992.46,41991.96,41992.46,42027.08,30.69,430.89,-446.23,-1.0356,2,0
2026-08-11,LONG,1786460400,1786465860,sweep_reclaim,stop,42009.06,42011.56,41974.77,41974.27,41974.77,42077.64,11.65,428.6,-434.43,-1.0136,91,0
